time,pulse
21:30:17,511
21:30:17,510
21:30:17,510
21:30:17,510
21:30:17,0
21:30:17,510
21:30:17,509
21:30:17,510
21:30:17,510
21:30:17,510
21:30:17,511
21:30:17,512
21:30:17,513
21:30:17,514
21:30:17,515
21:30:17,516
21:30:17,517
21:30:17,517
21:30:17,517
21:30:17,517
21:30:17,516
21:30:17,515
21:30:17,515
21:30:17,513
21:30:17,512
21:30:17,512
21:30:17,511
21:30:17,510
21:30:17,510
21:30:17,510
21:30:17,0
21:30:17,510
21:30:17,509
21:30:17,510
21:30:17,510
21:30:17,510
21:30:17,511
21:30:17,512
21:30:17,513
21:30:17,514
21:30:17,515
21:30:17,516
21:30:17,517
21:30:17,517
21:30:17,517
21:30:17,517
21:30:17,516
21:30:17,515
21:30:17,515
21:30:17,513
21:30:17,512
21:30:17,512
21:30:17,511
21:30:17,510
21:30:17,510
21:30:17,510
21:30:18,489
21:30:18,502
21:30:18,517
21:30:18,528
21:30:18,536
21:30:18,541
21:30:18,542
21:30:18,542
21:30:18,540
21:30:18,536
21:30:18,532
21:30:18,528
21:30:18,523
21:30:18,519
21:30:18,515
21:30:18,512
21:30:18,510
21:30:19,508
21:30:19,506
21:30:19,506
21:30:19,505
21:30:19,505
21:30:19,506
21:30:19,507
21:30:19,508
21:30:19,509
21:30:19,509
21:30:19,509
21:30:19,510
21:30:19,510
21:30:19,510
21:30:19,511
21:30:19,511
21:30:19,511
21:30:19,512
21:30:19,512
21:30:19,513
21:30:19,514
21:30:19,515
21:30:19,515
21:30:19,516
21:30:19,517
21:30:19,517
21:30:19,517
21:30:19,517
21:30:19,516
21:30:19,515
21:30:19,515
21:30:19,515
21:30:19,514
21:30:19,513
21:30:19,513
21:30:19,512
21:30:19,512
21:30:19,511
21:30:19,511
21:30:19,511
21:30:19,510
21:30:19,510
21:30:19,509
21:30:19,509
21:30:19,509
21:30:19,509
21:30:19,509
21:30:19,510
21:30:19,510
21:30:19,510
21:30:19,511
21:30:19,511
21:30:19,510
21:30:19,511
21:30:19,511
21:30:19,511
21:30:19,511
21:30:19,511
21:30:19,511
21:30:19,511
21:30:19,511
21:30:19,511
21:30:19,510
21:30:19,510
21:30:19,511
21:30:19,511
21:30:19,511
21:30:19,511
21:30:19,511
21:30:19,511
21:30:19,512
21:30:19,513
21:30:19,514
21:30:19,514
21:30:19,515
21:30:19,516
21:30:19,518
21:30:19,517
21:30:19,518
21:30:19,517
21:30:19,517
21:30:19,517
21:30:19,516
21:30:19,516
21:30:19,515
21:30:19,514
21:30:19,513
21:30:19,512
21:30:19,512
21:30:19,512
21:30:19,512
21:30:19,512
21:30:19,511
21:30:19,511
21:30:19,511
21:30:19,511
21:30:19,511
21:30:20,511
21:30:20,510
21:30:20,511
21:30:20,511
21:30:20,511
21:30:20,510
21:30:20,510
21:30:20,511
21:30:20,510
21:30:20,510
21:30:20,511
21:30:20,511
21:30:20,511
21:30:20,510
21:30:20,511
21:30:20,511
21:30:20,511
21:30:20,510
21:30:20,510
21:30:20,510
21:30:20,510
21:30:20,510
21:30:20,510
21:30:20,510
21:30:20,510
21:30:20,510
21:30:20,511
21:30:20,512
21:30:20,512
21:30:20,514
21:30:20,516
21:30:20,516
21:30:20,517
21:30:20,518
21:30:20,518
21:30:20,517
21:30:20,517
21:30:20,516
21:30:20,515
21:30:20,515
21:30:20,514
21:30:20,513
21:30:20,513
21:30:20,512
21:30:20,511
21:30:20,511
21:30:20,510
21:30:20,509
21:30:20,509
21:30:20,509
21:30:20,509
21:30:20,509
21:30:20,509
21:30:20,510
21:30:20,510
21:30:20,510
21:30:20,510
21:30:20,510
21:30:20,510
21:30:20,510
21:30:20,511
21:30:20,510
21:30:20,510
21:30:20,510
21:30:20,510
21:30:20,510
21:30:20,510
21:30:20,510
21:30:20,510
21:30:20,509
21:30:20,509
21:30:20,510
21:30:20,510
21:30:20,509
21:30:20,510
21:30:20,509
21:30:20,510
21:30:20,510
21:30:20,510
21:30:20,511
21:30:20,512
21:30:20,513
21:30:20,514
21:30:20,515
21:30:20,516
21:30:20,518
21:30:20,517
21:30:20,518
21:30:20,518
21:30:20,518
21:30:20,516
21:30:20,515
21:30:20,514
21:30:20,513
21:30:20,512
21:30:20,511
21:30:20,510
21:30:21,510
21:30:21,510
21:30:21,509
21:30:21,509
21:30:21,509
21:30:21,509
21:30:21,509
21:30:21,509
21:30:21,509
21:30:21,509
21:30:21,509
21:30:21,510
21:30:21,510
21:30:21,510
21:30:21,510
21:30:21,510
21:30:21,510
21:30:21,510
21:30:21,510
21:30:21,511
21:30:21,511
21:30:21,510
21:30:21,510
21:30:21,511
21:30:21,511
21:30:21,511
21:30:21,510
21:30:21,510
21:30:21,510
21:30:21,510
21:30:21,509
21:30:21,510
21:30:21,510
21:30:21,510
21:30:21,510
21:30:21,510
21:30:21,511
21:30:21,511
21:30:21,513
21:30:21,514
21:30:21,515
21:30:21,517
21:30:21,517
21:30:21,517
21:30:21,517
21:30:21,517
21:30:21,517
21:30:21,516
21:30:21,515
21:30:21,514
21:30:21,514
21:30:21,513
21:30:21,512
21:30:21,512
21:30:21,511
21:30:21,510
21:30:21,509
21:30:21,509
21:30:21,509
21:30:21,509
21:30:21,508
21:30:21,509
21:30:21,509
21:30:21,509
21:30:21,510
21:30:21,510
21:30:21,511
21:30:21,511
21:30:21,511
21:30:21,511
21:30:21,511
21:30:21,511
21:30:21,511
21:30:21,511
21:30:21,510
21:30:21,511
21:30:21,511
21:30:21,510
21:30:21,510
21:30:21,510
21:30:21,511
21:30:21,510
21:30:21,510
21:30:21,510
21:30:21,510
21:30:21,510
21:30:21,510
21:30:21,510
21:30:21,510
21:30:21,511
21:30:21,511
21:30:21,512
21:30:21,513
21:30:21,515
21:30:21,516
21:30:21,517
21:30:21,518
21:30:21,518
21:30:21,518
21:30:22,517
21:30:22,517
21:30:22,516
21:30:22,514
21:30:22,513
21:30:22,513
21:30:22,512
21:30:22,511
21:30:22,511
21:30:22,510
21:30:22,510
21:30:22,510
21:30:22,509
21:30:22,509
21:30:22,509
21:30:22,509
21:30:22,509
21:30:22,509
21:30:22,510
21:30:22,509
21:30:22,510
21:30:22,510
21:30:22,510
21:30:22,510
21:30:22,510
21:30:22,510
21:30:22,510
21:30:22,510
21:30:22,510
21:30:22,510
21:30:22,511
21:30:22,511
21:30:22,511
21:30:22,511
21:30:22,511
21:30:22,511
21:30:22,511
21:30:22,511
21:30:22,511
21:30:22,511
21:30:22,510
21:30:22,510
21:30:22,510
21:30:22,511
21:30:22,511
21:30:22,512
21:30:22,513
21:30:22,514
21:30:22,515
21:30:22,516
21:30:22,516
21:30:22,517
21:30:22,517
21:30:22,517
21:30:22,517
21:30:22,516
21:30:22,515
21:30:22,515
21:30:22,514
21:30:22,513
21:30:22,512
21:30:22,511
21:30:22,511
21:30:22,510
21:30:22,510
21:30:22,510
21:30:22,509
21:30:22,509
21:30:22,509
21:30:22,508
21:30:22,509
21:30:22,509
21:30:22,509
21:30:22,510
21:30:22,509
21:30:22,510
21:30:22,510
21:30:22,510
21:30:22,510
21:30:22,510
21:30:22,510
21:30:22,511
21:30:22,510
21:30:22,511
21:30:22,510
21:30:22,510
21:30:22,510
21:30:22,511
21:30:22,510
21:30:22,510
21:30:22,510
21:30:22,510
21:30:22,510
21:30:22,510
21:30:22,509
21:30:22,509
21:30:22,510
21:30:22,510
21:30:22,511
21:30:23,512
21:30:23,513
21:30:23,514
21:30:23,515
21:30:23,516
21:30:23,517
21:30:23,517
21:30:23,517
21:30:23,516
21:30:23,516
21:30:23,515
21:30:23,515
21:30:23,514
21:30:23,513
21:30:23,512
21:30:23,511
21:30:23,511
21:30:23,510
21:30:23,510
21:30:23,509
21:30:23,509
21:30:23,509
21:30:23,509
21:30:23,508
21:30:23,509
21:30:23,509
21:30:23,510
21:30:23,509
21:30:23,510
21:30:23,510
21:30:23,511
21:30:23,511
21:30:23,511
21:30:23,511
21:30:23,512
21:30:23,511
21:30:23,511
21:30:23,511
21:30:23,510
21:30:23,510
21:30:23,510
21:30:23,510
21:30:23,510
21:30:23,510
21:30:23,510
21:30:23,510
21:30:23,510
21:30:23,510
21:30:23,510
21:30:23,510
21:30:23,510
21:30:23,510
21:30:23,511
21:30:23,513
21:30:23,514
21:30:23,515
21:30:23,516
21:30:23,517
21:30:23,517
21:30:23,517
21:30:23,517
21:30:23,516
21:30:23,516
21:30:23,515
21:30:23,514
21:30:23,513
21:30:23,512
21:30:23,511
21:30:23,511
21:30:23,510
21:30:23,510
21:30:23,509
21:30:23,508
21:30:23,508
21:30:23,508
21:30:23,508
21:30:23,508
21:30:23,509
21:30:23,509
21:30:23,509
21:30:23,510
21:30:23,510
21:30:23,511
21:30:23,510
21:30:23,511
21:30:23,511
21:30:23,511
21:30:23,511
21:30:23,510
21:30:23,511
21:30:23,511
21:30:23,510
21:30:23,510
21:30:23,510
21:30:24,511
21:30:24,510
21:30:24,510
21:30:24,510
21:30:24,510
21:30:24,510
21:30:24,510
21:30:24,510
21:30:24,511
21:30:24,511
21:30:24,512
21:30:24,514
21:30:24,515
21:30:24,516
21:30:24,517
21:30:24,517
21:30:24,517
21:30:24,517
21:30:24,517
21:30:24,516
21:30:24,515
21:30:24,515
21:30:24,514
21:30:24,513
21:30:24,512
21:30:24,512
21:30:24,511
21:30:24,510
21:30:24,510
21:30:24,510
21:30:24,509
21:30:24,509
21:30:24,509
21:30:24,509
21:30:24,509
21:30:24,508
21:30:24,509
21:30:24,509
21:30:24,510
21:30:24,510
21:30:24,510
21:30:24,510
21:30:24,511
21:30:24,511
21:30:24,511
21:30:24,511
21:30:24,510
21:30:24,510
21:30:24,510
21:30:24,511
21:30:24,510
21:30:24,510
21:30:24,510
21:30:24,509
21:30:24,510
21:30:24,509
21:30:24,509
21:30:24,510
21:30:24,510
21:30:24,511
21:30:24,511
21:30:24,512
21:30:24,514
21:30:24,515
21:30:24,516
21:30:24,517
21:30:24,518
21:30:24,518
21:30:24,518
21:30:24,518
21:30:24,517
21:30:24,516
21:30:24,516
21:30:24,515
21:30:24,514
21:30:24,513
21:30:24,513
21:30:24,512
21:30:24,511
21:30:24,510
21:30:24,510
21:30:24,510
21:30:24,509
21:30:24,510
21:30:24,509
21:30:24,509
21:30:24,509
21:30:24,509
21:30:24,509
21:30:24,509
21:30:24,510
21:30:24,510
21:30:24,510
21:30:24,510
21:30:24,510
21:30:24,510
21:30:24,510
21:30:24,510
21:30:25,510
21:30:25,510
21:30:25,510
21:30:25,510
21:30:25,510
21:30:25,510
21:30:25,510
21:30:25,510
21:30:25,510
21:30:25,510
21:30:25,510
21:30:25,511
21:30:25,510
21:30:25,512
21:30:25,512
21:30:25,513
21:30:25,513
21:30:25,515
21:30:25,515
21:30:25,517
21:30:25,517
21:30:25,517
21:30:25,517
21:30:25,517
21:30:25,516
21:30:25,516
21:30:25,515
21:30:25,514
21:30:25,513
21:30:25,513
21:30:25,512
21:30:25,511
21:30:25,511
21:30:25,510
21:30:25,510
21:30:25,509
21:30:25,509
21:30:25,509
21:30:25,508
21:30:25,508
21:30:25,509
21:30:25,509
21:30:25,509
21:30:25,509
21:30:25,510
21:30:25,510
21:30:25,510
21:30:25,510
21:30:25,510
21:30:25,510
21:30:25,510
21:30:25,510
21:30:25,510
21:30:25,510
21:30:25,510
21:30:25,510
21:30:25,510
21:30:25,510
21:30:25,511
21:30:25,510
21:30:25,511
21:30:25,511
21:30:25,510
21:30:25,511
21:30:25,511
21:30:25,510
21:30:25,512
21:30:25,512
21:30:25,514
21:30:25,515
21:30:25,516
21:30:25,517
21:30:25,518
21:30:25,518
21:30:25,518
21:30:25,518
21:30:25,517
21:30:25,516
21:30:25,515
21:30:25,513
21:30:25,513
21:30:25,512
21:30:25,512
21:30:25,510
21:30:25,510
21:30:25,510
21:30:25,509
21:30:25,509
21:30:25,509
21:30:25,509
21:30:25,509
21:30:25,509
21:30:25,509
21:30:25,508
21:30:25,509
21:30:25,509
21:30:25,510
21:30:25,510
21:30:26,510
21:30:26,510
21:30:26,510
21:30:26,510
21:30:26,510
21:30:26,510
21:30:26,510
21:30:26,510
21:30:26,510
21:30:26,510
21:30:26,510
21:30:26,511
21:30:26,510
21:30:26,510
21:30:26,510
21:30:26,510
21:30:26,510
21:30:26,509
21:30:26,509
21:30:26,509
21:30:26,510
21:30:26,511
21:30:26,512
21:30:26,514
21:30:26,515
21:30:26,516
21:30:26,516
21:30:26,517
21:30:26,517
21:30:26,517
21:30:26,516
21:30:26,516
21:30:26,515
21:30:26,514
21:30:26,514
21:30:26,513
21:30:26,513
21:30:26,512
21:30:26,511
21:30:26,511
21:30:26,510
21:30:26,510
21:30:26,509
21:30:26,509
21:30:26,508
21:30:26,508
21:30:26,508
21:30:26,508
21:30:26,509
21:30:26,510
21:30:26,510
21:30:26,510
21:30:26,510
21:30:26,511
21:30:26,511
21:30:26,511
21:30:26,510
21:30:26,511
21:30:26,511
21:30:26,511
21:30:26,511
21:30:26,511
21:30:26,511
21:30:26,511
21:30:26,511
21:30:26,511
21:30:26,512
21:30:26,512
21:30:26,512
21:30:26,512
21:30:26,512
21:30:26,512
21:30:26,512
21:30:26,513
21:30:26,515
21:30:26,515
21:30:26,517
21:30:26,517
21:30:26,518
21:30:26,519
21:30:26,519
21:30:26,519
21:30:26,518
21:30:26,517
21:30:26,516
21:30:26,515
21:30:26,514
21:30:26,513
21:30:26,513
21:30:26,512
21:30:26,512
21:30:26,511
21:30:26,511
21:30:26,511
21:30:26,510
21:30:26,509
21:30:26,509
21:30:26,510
21:30:26,509
21:30:26,509
21:30:27,509
21:30:27,510
21:30:27,510
21:30:27,510
21:30:27,511
21:30:27,510
21:30:27,510
21:30:27,511
21:30:27,510
21:30:27,510
21:30:27,511
21:30:27,511
21:30:27,510
21:30:27,511
21:30:27,510
21:30:27,510
21:30:27,510
21:30:27,510
21:30:27,510
21:30:27,510
21:30:27,510
21:30:27,510
21:30:27,510
21:30:27,510
21:30:27,511
21:30:27,512
21:30:27,513
21:30:27,514
21:30:27,515
21:30:27,516
21:30:27,517
21:30:27,517
21:30:27,517
21:30:27,517
21:30:27,516
21:30:27,515
21:30:27,514
21:30:27,514
21:30:27,513
21:30:27,512
21:30:27,511
21:30:27,510
21:30:27,510
21:30:27,509
21:30:27,509
21:30:27,508
21:30:27,509
21:30:27,509
21:30:27,508
21:30:27,509
21:30:27,509
21:30:27,509
21:30:27,510
21:30:27,510
21:30:27,510
21:30:27,510
21:30:27,511
21:30:27,511
21:30:27,512
21:30:27,512
21:30:27,512
21:30:27,511
21:30:27,512
21:30:27,512
21:30:27,511
21:30:27,512
21:30:27,512
21:30:27,511
21:30:27,511
21:30:27,511
21:30:27,511
21:30:27,510
21:30:27,510
21:30:27,510
21:30:27,510
21:30:27,510
21:30:27,512
21:30:27,513
21:30:27,514
21:30:27,516
21:30:27,517
21:30:27,518
21:30:27,518
21:30:27,518
21:30:27,518
21:30:27,517
21:30:27,516
21:30:27,515
21:30:27,515
21:30:27,513
21:30:27,513
21:30:27,512
21:30:27,511
21:30:27,510
21:30:28,509
21:30:28,509
21:30:28,509
21:30:28,509
21:30:28,509
21:30:28,509
21:30:28,509
21:30:28,509
21:30:28,509
21:30:28,509
21:30:28,510
21:30:28,510
21:30:28,510
21:30:28,511
21:30:28,511
21:30:28,511
21:30:28,511
21:30:28,512
21:30:28,511
21:30:28,512
21:30:28,511
21:30:28,511
21:30:28,511
21:30:28,511
21:30:28,511
21:30:28,510
21:30:28,511
21:30:28,511
21:30:28,510
21:30:28,510
21:30:28,509
21:30:28,510
21:30:28,510
21:30:28,511
21:30:28,513
21:30:28,514
21:30:28,515
21:30:28,517
21:30:28,517
21:30:28,518
21:30:28,518
21:30:28,518
21:30:28,517
21:30:28,517
21:30:28,516
21:30:28,515
21:30:28,514
21:30:28,513
21:30:28,513
21:30:28,512
21:30:28,511
21:30:28,511
21:30:28,511
21:30:28,510
21:30:28,510
21:30:28,509
21:30:28,509
21:30:28,509
21:30:28,509
21:30:28,509
21:30:28,509
21:30:28,509
21:30:28,510
21:30:28,510
21:30:28,510
21:30:28,510
21:30:28,511
21:30:28,510
21:30:28,511
21:30:28,511
21:30:28,511
21:30:28,511
21:30:28,511
21:30:28,511
21:30:28,511
21:30:28,510
21:30:28,511
21:30:28,510
21:30:28,510
21:30:28,510
21:30:28,511
21:30:28,510
21:30:28,510
21:30:28,510
21:30:28,512
21:30:28,513
21:30:28,514
21:30:28,515
21:30:28,516
21:30:28,517
21:30:28,518
21:30:28,517
21:30:28,517
21:30:28,517
21:30:28,517
21:30:28,516
21:30:28,515
21:30:28,514
21:30:28,514
21:30:29,513
21:30:29,513
21:30:29,511
21:30:29,511
21:30:29,510
21:30:29,510
21:30:29,510
21:30:29,509
21:30:29,509
21:30:29,509
21:30:29,509
21:30:29,509
21:30:29,509
21:30:29,509
21:30:29,509
21:30:29,510
21:30:29,510
21:30:29,510
21:30:29,510
21:30:29,510
21:30:29,510
21:30:29,510
21:30:29,511
21:30:29,511
21:30:29,511
21:30:29,511
21:30:29,511
21:30:29,511
21:30:29,511
21:30:29,511
21:30:29,511
21:30:29,511
21:30:29,510
21:30:29,510
21:30:29,510
21:30:29,509
21:30:29,509
21:30:29,510
21:30:29,511
21:30:29,512
21:30:29,513
21:30:29,514
21:30:29,516
21:30:29,516
21:30:29,517
21:30:29,517
21:30:29,517
21:30:29,517
21:30:29,516
21:30:29,515
21:30:29,515
21:30:29,514
21:30:29,514
21:30:29,513
21:30:29,512
21:30:29,512
21:30:29,511
21:30:29,511
21:30:29,509
21:30:29,509
21:30:29,509
21:30:29,509
21:30:29,509
21:30:29,509
21:30:29,508
21:30:29,509
21:30:29,509
21:30:29,509
21:30:29,510
21:30:29,510
21:30:29,510
21:30:29,510
21:30:29,510
21:30:29,511
21:30:29,510
21:30:29,510
21:30:29,510
21:30:29,510
21:30:29,510
21:30:29,509
21:30:29,510
21:30:29,509
21:30:29,509
21:30:29,509
21:30:29,509
21:30:29,509
21:30:29,509
21:30:29,509
21:30:29,510
21:30:29,510
21:30:29,511
21:30:29,512
21:30:29,513
21:30:29,515
21:30:29,516
21:30:29,517
21:30:29,518
21:30:29,518
21:30:30,518
21:30:30,517
21:30:30,517
21:30:30,515
21:30:30,515
21:30:30,514
21:30:30,512
21:30:30,512
21:30:30,511
21:30:30,511
21:30:30,510
21:30:30,509
21:30:30,509
21:30:30,509
21:30:30,508
21:30:30,509
21:30:30,508
21:30:30,509
21:30:30,509
21:30:30,509
21:30:30,510
21:30:30,510
21:30:30,510
21:30:30,510
21:30:30,510
21:30:30,511
21:30:30,510
21:30:30,510
21:30:30,510
21:30:30,509
21:30:30,509
21:30:30,509
21:30:30,509
21:30:30,509
21:30:30,509
21:30:30,509
21:30:30,510
21:30:30,510
21:30:30,510
21:30:30,510
21:30:30,510
21:30:30,510
21:30:30,510
21:30:30,509
21:30:30,510
21:30:30,510
21:30:30,511
21:30:30,512
21:30:30,514
21:30:30,515
21:30:30,516
21:30:30,517
21:30:30,517
21:30:30,518
21:30:30,517
21:30:30,516
21:30:30,515
21:30:30,514
21:30:30,513
21:30:30,513
21:30:30,511
21:30:30,511
21:30:30,510
21:30:30,510
21:30:30,509
21:30:30,508
21:30:30,509
21:30:30,508
21:30:30,508
21:30:30,509
21:30:30,509
21:30:30,509
21:30:30,510
21:30:30,510
21:30:30,510
21:30:30,510
21:30:30,510
21:30:30,510
21:30:30,510
21:30:30,511
21:30:30,511
21:30:30,511
21:30:30,511
21:30:30,510
21:30:30,510
21:30:30,510
21:30:30,510
21:30:30,510
21:30:30,510
21:30:30,510
21:30:30,510
21:30:30,510
21:30:30,510
21:30:30,511
21:30:30,511
21:30:30,512
21:30:30,511
21:30:30,513
21:30:31,514
21:30:31,515
21:30:31,516
21:30:31,517
21:30:31,517
21:30:31,518
21:30:31,518
21:30:31,517
21:30:31,517
21:30:31,516
21:30:31,515
21:30:31,514
21:30:31,514
21:30:31,513
21:30:31,512
21:30:31,511
21:30:31,511
21:30:31,510
21:30:31,510
21:30:31,509
21:30:31,509
21:30:31,509
21:30:31,509
21:30:31,509
21:30:31,509
21:30:31,509
21:30:31,509
21:30:31,509
21:30:31,509
21:30:31,510
21:30:31,510
21:30:31,510
21:30:31,511
21:30:31,510
21:30:31,511
21:30:31,510
21:30:31,510
21:30:31,510
21:30:31,511
21:30:31,511
21:30:31,510
21:30:31,510
21:30:31,510
21:30:31,510
21:30:31,510
21:30:31,510
21:30:31,510
21:30:31,510
21:30:31,510
21:30:31,511
21:30:31,512
21:30:31,513
21:30:31,514
21:30:31,515
21:30:31,516
21:30:31,517
21:30:31,518
21:30:31,518
21:30:31,518
21:30:31,518
21:30:31,517
21:30:31,516
21:30:31,515
21:30:31,514
21:30:31,514
21:30:31,513
21:30:31,512
21:30:31,511
21:30:31,511
21:30:31,510
21:30:31,510
21:30:31,509
21:30:31,509
21:30:31,508
21:30:31,508
21:30:31,509
21:30:31,509
21:30:31,509
21:30:31,509
21:30:31,509
21:30:31,509
21:30:31,510
21:30:31,510
21:30:31,510
21:30:31,510
21:30:31,511
21:30:31,511
21:30:31,511
21:30:31,511
21:30:31,511
21:30:31,510
21:30:31,510
21:30:31,510
21:30:31,510
21:30:31,510
21:30:31,510
21:30:31,510
21:30:32,510
21:30:32,510
21:30:32,510
21:30:32,510
21:30:32,510
21:30:32,511
21:30:32,512
21:30:32,513
21:30:32,515
21:30:32,516
21:30:32,517
21:30:32,517
21:30:32,517
21:30:32,517
21:30:32,517
21:30:32,516
21:30:32,515
21:30:32,514
21:30:32,514
21:30:32,513
21:30:32,512
21:30:32,512
21:30:32,511
21:30:32,511
21:30:32,511
21:30:32,510
21:30:32,510
21:30:32,509
21:30:32,509
21:30:32,509
21:30:32,509
21:30:32,509
21:30:32,509
21:30:32,509
21:30:32,509
21:30:32,510
21:30:32,510
21:30:32,510
21:30:32,510
21:30:32,510
21:30:32,510
21:30:32,510
21:30:32,511
21:30:32,510
21:30:32,510
21:30:32,510
21:30:32,509
21:30:32,509
21:30:32,509
21:30:32,509
21:30:32,510
21:30:32,509
21:30:32,510
21:30:32,509
21:30:32,510
21:30:32,510
21:30:32,510
21:30:32,511
21:30:32,512
21:30:32,514
21:30:32,515
21:30:32,516
21:30:32,517
21:30:32,517
21:30:32,518
21:30:32,518
21:30:32,517
21:30:32,517
21:30:32,516
21:30:32,515
21:30:32,514
21:30:32,513
21:30:32,512
21:30:32,511
21:30:32,510
21:30:32,510
21:30:32,510
21:30:32,509
21:30:32,509
21:30:32,508
21:30:32,509
21:30:32,509
21:30:32,509
21:30:32,509
21:30:32,509
21:30:32,510
21:30:32,510
21:30:32,510
21:30:32,511
21:30:32,511
21:30:32,511
21:30:32,511
21:30:32,511
21:30:32,511
21:30:32,510
21:30:32,510
21:30:32,510
21:30:33,510
21:30:33,510
21:30:33,510
21:30:33,510
21:30:33,510
21:30:33,510
21:30:33,510
21:30:33,510
21:30:33,510
21:30:33,510
21:30:33,510
21:30:33,510
21:30:33,511
21:30:33,512
21:30:33,513
21:30:33,514
21:30:33,515
21:30:33,517
21:30:33,517
21:30:33,517
21:30:33,517
21:30:33,517
21:30:33,516
21:30:33,515
21:30:33,514
21:30:33,513
21:30:33,513
21:30:33,512
21:30:33,511
21:30:33,511
21:30:33,511
21:30:33,510
21:30:33,510
21:30:33,509
21:30:33,509
21:30:33,509
21:30:33,509
21:30:33,509
21:30:33,509
21:30:33,509
21:30:33,510
21:30:33,509
21:30:33,510
21:30:33,510
21:30:33,510
21:30:33,510
21:30:33,510
21:30:33,510
21:30:33,511
21:30:33,510
21:30:33,510
21:30:33,510
21:30:33,511
21:30:33,510
21:30:33,510
21:30:33,510
21:30:33,510
21:30:33,510
21:30:33,511
21:30:33,511
21:30:33,510
21:30:33,511
21:30:33,510
21:30:33,511
21:30:33,511
21:30:33,512
21:30:33,513
21:30:33,514
21:30:33,516
21:30:33,517
21:30:33,517
21:30:33,517
21:30:33,517
21:30:33,517
21:30:33,517
21:30:33,516
21:30:33,515
21:30:33,514
21:30:33,512
21:30:33,512
21:30:33,511
21:30:33,510
21:30:33,510
21:30:33,509
21:30:33,509
21:30:33,508
21:30:33,508
21:30:33,508
21:30:33,508
21:30:33,508
21:30:33,509
21:30:33,509
21:30:33,509
21:30:33,510
21:30:33,510
21:30:33,511
21:30:33,511
21:30:33,511
21:30:34,512
21:30:34,512
21:30:34,512
21:30:34,512
21:30:34,511
21:30:34,511
21:30:34,510
21:30:34,510
21:30:34,510
21:30:34,510
21:30:34,510
21:30:34,510
21:30:34,510
21:30:34,510
21:30:34,510
21:30:34,510
21:30:34,510
21:30:34,510
21:30:34,511
21:30:34,512
21:30:34,513
21:30:34,514
21:30:34,515
21:30:34,516
21:30:34,517
21:30:34,517
21:30:34,517
21:30:34,516
21:30:34,516
21:30:34,515
21:30:34,513
21:30:34,513
21:30:34,512
21:30:34,511
21:30:34,510
21:30:34,510
21:30:34,509
21:30:34,509
21:30:34,509
21:30:34,508
21:30:34,507
21:30:34,507
21:30:34,507
21:30:34,507
21:30:34,508
21:30:34,507
21:30:34,507
21:30:34,508
21:30:34,509
21:30:34,510
21:30:34,509
21:30:34,510
21:30:34,510
21:30:34,510
21:30:34,510
21:30:34,510
21:30:34,510
21:30:34,510
21:30:34,510
21:30:34,510
21:30:34,511
21:30:34,511
21:30:34,511
21:30:34,511
21:30:34,511
21:30:34,511
21:30:34,511
21:30:34,511
21:30:34,511
21:30:34,512
21:30:34,512
21:30:34,513
21:30:34,514
21:30:34,516
21:30:34,517
21:30:34,518
21:30:34,518
21:30:34,519
21:30:34,519
21:30:34,519
21:30:34,518
21:30:34,517
21:30:34,516
21:30:34,515
21:30:34,514
21:30:34,513
21:30:34,512
21:30:34,512
21:30:34,511
21:30:34,511
21:30:34,510
21:30:34,510
21:30:34,509
21:30:34,509
21:30:34,509
21:30:34,509
21:30:34,509
21:30:34,510
21:30:35,510
21:30:35,510
21:30:35,511
21:30:35,511
21:30:35,511
21:30:35,512
21:30:35,511
21:30:35,511
21:30:35,512
21:30:35,511
21:30:35,510
21:30:35,511
21:30:35,510
21:30:35,510
21:30:35,510
21:30:35,510
21:30:35,511
21:30:35,510
21:30:35,511
21:30:35,511
21:30:35,511
21:30:35,511
21:30:35,511
21:30:35,511
21:30:35,512
21:30:35,513
21:30:35,514
21:30:35,515
21:30:35,516
21:30:35,517
21:30:35,517
21:30:35,517
21:30:35,517
21:30:35,517
21:30:35,516
21:30:35,515
21:30:35,514
21:30:35,513
21:30:35,512
21:30:35,511
21:30:35,510
21:30:35,510
21:30:35,510
21:30:35,509
21:30:35,509
21:30:35,509
21:30:35,508
21:30:35,508
21:30:35,508
21:30:35,508
21:30:35,508
21:30:35,509
21:30:35,510
21:30:35,510
21:30:35,510
21:30:35,510
21:30:35,510
21:30:35,511
21:30:35,511
21:30:35,510
21:30:35,510
21:30:35,510
21:30:35,510
21:30:35,510
21:30:35,510
21:30:35,510
21:30:35,510
21:30:35,509
21:30:35,509