1:21:47,509
1:21:47,513
1:21:47,513
1:21:47,513
1:21:47,513
1:21:47,513
1:21:47,513
1:21:47,513
1:21:47,512
1:21:47,512
1:21:47,511
1:21:47,511
1:21:47,510
1:21:47,511
1:21:47,511
1:21:47,510
1:21:47,510
1:21:47,510
1:21:47,510
1:21:47,510
1:21:47,510
1:21:47,510
1:21:47,510
1:21:47,510
1:21:47,511
1:21:47,512
1:21:47,513
1:21:47,513
1:21:47,513
1:21:47,513
1:21:47,513
1:21:47,513
1:21:47,513
1:21:47,512
1:21:47,512
1:21:47,511
1:21:47,511
1:21:47,510
1:21:47,511
1:21:47,511
1:21:47,510
1:21:47,510
1:21:47,510
1:21:47,510
1:21:47,510
1:21:47,510
1:21:47,510
1:21:47,510
1:21:47,510
1:21:47,511
1:21:47,512
1:21:48,498
1:21:48,513
1:21:48,526
1:21:48,534
1:21:48,540
1:21:48,543
1:21:48,542
1:21:48,541
1:21:48,537
1:21:48,533
1:21:48,529
1:21:48,525
1:21:48,521
1:21:48,517
1:21:48,513
1:21:48,510
1:21:48,508
1:21:48,507
1:21:48,506
1:21:48,506
1:21:48,506
1:21:48,506
1:21:48,507
1:21:48,507
1:21:48,508
1:21:48,508
1:21:48,509
1:21:48,509
1:21:48,510
1:21:48,511
1:21:48,511
1:21:48,511
1:21:48,511
1:21:48,512
1:21:48,512
1:21:48,512
1:21:48,512
1:21:48,512
1:21:48,512
1:21:48,512
1:21:48,512
1:21:48,511
1:21:48,511
1:21:48,510
1:21:49,510
1:21:49,510
1:21:49,510
1:21:49,511
1:21:49,511
1:21:49,511
1:21:49,512
1:21:49,512
1:21:49,512
1:21:49,511
1:21:49,512
1:21:49,511
1:21:49,511
1:21:49,511
1:21:49,511
1:21:49,510
1:21:49,510
1:21:49,510
1:21:49,511
1:21:49,511
1:21:49,511
1:21:49,511
1:21:49,511
1:21:49,512
1:21:49,511
1:21:49,512
1:21:49,511
1:21:49,512
1:21:49,512
1:21:49,512
1:21:49,512
1:21:49,511
1:21:49,511
1:21:49,511
1:21:49,511
1:21:49,511
1:21:49,511
1:21:49,512
1:21:49,511
1:21:49,512
1:21:49,511
1:21:49,511
1:21:49,511
1:21:49,512
1:21:49,511
1:21:49,512
1:21:49,512
1:21:49,513
1:21:49,513
1:21:49,513
1:21:49,512
1:21:49,513
1:21:49,513
1:21:49,513
1:21:49,513
1:21:49,512
1:21:49,512
1:21:49,512
1:21:49,512
1:21:49,512
1:21:49,512
1:21:49,512
1:21:49,512
1:21:49,512
1:21:49,513
1:21:49,513
1:21:49,513
1:21:49,513
1:21:49,513
1:21:49,513
1:21:49,513
1:21:49,512
1:21:49,511
1:21:49,511
1:21:49,511
1:21:49,511
1:21:49,511
1:21:49,511
1:21:49,511
1:21:49,511
1:21:49,511
1:21:49,512
1:21:49,512
1:21:49,513
1:21:49,512
1:21:49,512
1:21:49,512
1:21:49,512
1:21:49,512
1:21:49,511
1:21:49,511
1:21:49,511
1:21:49,511
1:21:49,511
1:21:49,511
1:21:49,512
1:21:49,511
1:21:50,512
1:21:50,512
1:21:50,512
1:21:50,513
1:21:50,512
1:21:50,512
1:21:50,512
1:21:50,512
1:21:50,512
1:21:50,511
1:21:50,511
1:21:50,511
1:21:50,511
1:21:50,511
1:21:50,510
1:21:50,510
1:21:50,510
1:21:50,510
1:21:50,510
1:21:50,510
1:21:50,510
1:21:50,510
1:21:50,510
1:21:50,511
1:21:50,511
1:21:50,511
1:21:50,511
1:21:50,511
1:21:50,511
1:21:50,511
1:21:50,511
1:21:50,511
1:21:50,510
1:21:50,510
1:21:50,510
1:21:50,510
1:21:50,510
1:21:50,510
1:21:50,510
1:21:50,510
1:21:50,510
1:21:50,510
1:21:50,510
1:21:50,509
1:21:50,510
1:21:50,510
1:21:50,510
1:21:50,510
1:21:50,510
1:21:50,510
1:21:50,510
1:21:50,510
1:21:50,510
1:21:50,511
1:21:50,510
1:21:50,511
1:21:50,511
1:21:50,510
1:21:50,510
1:21:50,510
1:21:50,510
1:21:50,510
1:21:50,511
1:21:50,511
1:21:50,511
1:21:50,511
1:21:50,511
1:21:50,511
1:21:50,511
1:21:50,511
1:21:50,511
1:21:50,511
1:21:50,512
1:21:50,512
1:21:50,512
1:21:50,512
1:21:50,512
1:21:50,511
1:21:50,511
1:21:50,511
1:21:50,511
1:21:50,511
1:21:50,511
1:21:50,510
1:21:50,511
1:21:50,511
1:21:50,512
1:21:50,511
1:21:50,511
1:21:50,511
1:21:50,512
1:21:50,512
1:21:50,512
1:21:50,512
1:21:50,512
1:21:51,512
1:21:51,512
1:21:51,512
1:21:51,511
1:21:51,512
1:21:51,512
1:21:51,512
1:21:51,512
1:21:51,512
1:21:51,511
1:21:51,512
1:21:51,511
1:21:51,512
1:21:51,512
1:21:51,512
1:21:51,511
1:21:51,511
1:21:51,511
1:21:51,510
1:21:51,510
1:21:51,510
1:21:51,510
1:21:51,510
1:21:51,510
1:21:51,510
1:21:51,510
1:21:51,511
1:21:51,511
1:21:51,511
1:21:51,511
1:21:51,511
1:21:51,511
1:21:51,511
1:21:51,511
1:21:51,512
1:21:51,512
1:21:51,512
1:21:51,512
1:21:51,512
1:21:51,512
1:21:51,511
1:21:51,511
1:21:51,510
1:21:51,510
1:21:51,511
1:21:51,510
1:21:51,511
1:21:51,511
1:21:51,511
1:21:51,511
1:21:51,511
1:21:51,511
1:21:51,511
1:21:51,511
1:21:51,512
1:21:51,512
1:21:51,512
1:21:51,512
1:21:51,512
1:21:51,512
1:21:51,511
1:21:51,511
1:21:51,511
1:21:51,512
1:21:51,511
1:21:51,511
1:21:51,511
1:21:51,511
1:21:51,511
1:21:51,511
1:21:51,511
1:21:51,511
1:21:51,511
1:21:51,511
1:21:51,511
1:21:51,511
1:21:51,511
1:21:51,511
1:21:51,511
1:21:51,511
1:21:51,511
1:21:51,510
1:21:51,511
1:21:51,510
1:21:51,511
1:21:51,510
1:21:51,510
1:21:51,510
1:21:51,511
1:21:51,510
1:21:51,510
1:21:51,510
1:21:51,510
1:21:51,511
1:21:51,510
1:21:51,510
1:21:51,510
1:21:51,510
1:21:51,509
1:21:51,510
1:21:52,510
1:21:52,510
1:21:52,510
1:21:52,510
1:21:52,511
1:21:52,511
1:21:52,510
1:21:52,511
1:21:52,512
1:21:52,512
1:21:52,512
1:21:52,511
1:21:52,512
1:21:52,511
1:21:52,512
1:21:52,512
1:21:52,512
1:21:52,512
1:21:52,511
1:21:52,511
1:21:52,512
1:21:52,512
1:21:52,512
1:21:52,512
1:21:52,512
1:21:52,512
1:21:52,512
1:21:52,511
1:21:52,511
1:21:52,511
1:21:52,511
1:21:52,511
1:21:52,511
1:21:52,512
1:21:52,511
1:21:52,512
1:21:52,511
1:21:52,511
1:21:52,511
1:21:52,511
1:21:52,511
1:21:52,512
1:21:52,512
1:21:52,512
1:21:52,512
1:21:52,512
1:21:52,511
1:21:52,512
1:21:52,511
1:21:52,511
1:21:52,511
1:21:52,511
1:21:52,511
1:21:52,511
1:21:52,511
1:21:52,511
1:21:52,512
1:21:52,512
1:21:52,512
1:21:52,513
1:21:52,513
1:21:52,513
1:21:52,513
1:21:52,513
1:21:52,514
1:21:52,513
1:21:52,514
1:21:52,514
1:21:52,513
1:21:52,513
1:21:52,513
1:21:52,513
1:21:52,512
1:21:52,512
1:21:52,512
1:21:52,512
1:21:52,512
1:21:52,512
1:21:52,512
1:21:52,512
1:21:52,512
1:21:52,512
1:21:52,511
1:21:52,513
1:21:52,512
1:21:52,513
1:21:52,512
1:21:52,512
1:21:52,512
1:21:52,512
1:21:52,513
1:21:52,512
1:21:52,512
1:21:52,512
1:21:52,511
1:21:53,511
1:21:53,511
1:21:53,511
1:21:53,511
1:21:53,510
1:21:53,510
1:21:53,510
1:21:53,510
1:21:53,510
1:21:53,509
1:21:53,509
1:21:53,509
1:21:53,509
1:21:53,509
1:21:53,509
1:21:53,509
1:21:53,509
1:21:53,509
1:21:53,509
1:21:53,509
1:21:53,509
1:21:53,509
1:21:53,509
1:21:53,508
1:21:53,508
1:21:53,507
1:21:53,507
1:21:53,507
1:21:53,507
1:21:53,507
1:21:53,506
1:21:53,505
1:21:53,505
1:21:53,505
1:21:53,505
1:21:53,506
1:21:53,506
1:21:53,506
1:21:53,507
1:21:53,507
1:21:53,507
1:21:53,508
1:21:53,508
1:21:53,508
1:21:53,509
1:21:53,509
1:21:53,508
1:21:53,509
1:21:53,508
1:21:53,508
1:21:53,507
1:21:53,507
1:21:53,506
1:21:53,506
1:21:53,506
1:21:53,505
1:21:53,506
1:21:53,506
1:21:53,506
1:21:53,507
1:21:53,508
1:21:53,508
1:21:53,509
1:21:53,510
1:21:53,510
1:21:53,511
1:21:53,512
1:21:53,512
1:21:53,513
1:21:53,514
1:21:53,514
1:21:53,514
1:21:53,514
1:21:53,514
1:21:53,513
1:21:53,513
1:21:53,513
1:21:53,512
1:21:53,511
1:21:53,511
1:21:53,510
1:21:53,511
1:21:53,510
1:21:53,511
1:21:53,510
1:21:53,511
1:21:53,511
1:21:53,511
1:21:53,511
1:21:53,512
1:21:53,512
1:21:53,512
1:21:53,512
1:21:53,513
1:21:53,512
1:21:53,512
1:21:53,512
1:21:53,512
1:21:53,512
1:21:53,512
1:21:54,512
1:21:54,512
1:21:54,512
1:21:54,512
1:21:54,512
1:21:54,512
1:21:54,512
1:21:54,512
1:21:54,511
1:21:54,512
1:21:54,512
1:21:54,512
1:21:54,512
1:21:54,512
1:21:54,512
1:21:54,512
1:21:54,513
1:21:54,512
1:21:54,513
1:21:54,512
1:21:54,512
1:21:54,512
1:21:54,512
1:21:54,512
1:21:54,512
1:21:54,512
1:21:54,512
1:21:54,513
1:21:54,512
1:21:54,512
1:21:54,512
1:21:54,512
1:21:54,512
1:21:54,512
1:21:54,512
1:21:54,511
1:21:54,511
1:21:54,511
1:21:54,510
1:21:54,510
1:21:54,510
1:21:54,510
1:21:54,511
1:21:54,512
1:21:54,512
1:21:54,512
1:21:54,512
1:21:54,513
1:21:54,513
1:21:54,513
1:21:54,513
1:21:54,513
1:21:54,512
1:21:54,512
1:21:54,512
1:21:54,512
1:21:54,511
1:21:54,511
1:21:54,511
1:21:54,511
1:21:54,511
1:21:54,511
1:21:54,511
1:21:54,511
1:21:54,512
1:21:54,512
1:21:54,512
1:21:54,512
1:21:54,513
1:21:54,513
1:21:54,513
1:21:54,513
1:21:54,513
1:21:54,512
1:21:54,512
1:21:54,513
1:21:54,511
1:21:54,511
1:21:54,511
1:21:54,510
1:21:54,510
1:21:54,510
1:21:54,510
1:21:54,510
1:21:54,509
1:21:54,510
1:21:54,510
1:21:54,510
1:21:54,510
1:21:54,511
1:21:54,511
1:21:54,512
1:21:54,512
1:21:54,513
1:21:54,513
1:21:55,513
1:21:55,513
1:21:55,512
1:21:55,512
1:21:55,513
1:21:55,513
1:21:55,514
1:21:55,514
1:21:55,514
1:21:55,514
1:21:55,514
1:21:55,514
1:21:55,514
1:21:55,513
1:21:55,513
1:21:55,512
1:21:55,512
1:21:55,512
1:21:55,511
1:21:55,512
1:21:55,512
1:21:55,512
1:21:55,512
1:21:55,512
1:21:55,512
1:21:55,512
1:21:55,512
1:21:55,513
1:21:55,513
1:21:55,513
1:21:55,513
1:21:55,514
1:21:55,514
1:21:55,513
1:21:55,513
1:21:55,513
1:21:55,513
1:21:55,513
1:21:55,512
1:21:55,511
1:21:55,511
1:21:55,511
1:21:55,511
1:21:55,511
1:21:55,511
1:21:55,511
1:21:55,511
1:21:55,511
1:21:55,511
1:21:55,512
1:21:55,512
1:21:55,512
1:21:55,512
1:21:55,512
1:21:55,512
1:21:55,512
1:21:55,512
1:21:55,512
1:21:55,512
1:21:55,512
1:21:55,512
1:21:55,512
1:21:55,512
1:21:55,512
1:21:55,512
1:21:55,512
1:21:55,512
1:21:55,513
1:21:55,513
1:21:55,512
1:21:55,513
1:21:55,512
1:21:55,512
1:21:55,512
1:21:55,511
1:21:55,511
1:21:55,511
1:21:55,510
1:21:55,510
1:21:55,510
1:21:55,510
1:21:55,510
1:21:55,511
1:21:55,511
1:21:55,510
1:21:55,511
1:21:55,511
1:21:55,511
1:21:55,511
1:21:55,511
1:21:55,511
1:21:55,510
1:21:55,510
1:21:55,510
1:21:55,511
1:21:55,510
1:21:55,510
1:21:55,511
1:21:56,511
1:21:56,511
1:21:56,511
1:21:56,510
1:21:56,511
1:21:56,510
1:21:56,510
1:21:56,510
1:21:56,509
1:21:56,509
1:21:56,509
1:21:56,508
1:21:56,508
1:21:56,508
1:21:56,508
1:21:56,509
1:21:56,510
1:21:56,510
1:21:56,510
1:21:56,511
1:21:56,511
1:21:56,511
1:21:56,511
1:21:56,511
1:21:56,511
1:21:56,511
1:21:56,511
1:21:56,511
1:21:56,510
1:21:56,510
1:21:56,510
1:21:56,510
1:21:56,509
1:21:56,510
1:21:56,510
1:21:56,510
1:21:56,510
1:21:56,510
1:21:56,509
1:21:56,509
1:21:56,508
1:21:56,508
1:21:56,508
1:21:56,508
1:21:56,508
1:21:56,508
1:21:56,509
1:21:56,510
1:21:56,511
1:21:56,511
1:21:56,512
1:21:56,513
1:21:56,513
1:21:56,513
1:21:56,514
1:21:56,513
1:21:56,514
1:21:56,514
1:21:56,514
1:21:56,513
1:21:56,513
1:21:56,512
1:21:56,512
1:21:56,512
1:21:56,511
1:21:56,511
1:21:56,511
1:21:56,511
1:21:56,511
1:21:56,510
1:21:56,511
1:21:56,512
1:21:56,512
1:21:56,511
1:21:56,512
1:21:56,511
1:21:56,511
1:21:56,511
1:21:56,510
1:21:56,510
1:21:56,510
1:21:56,510
1:21:56,510
1:21:56,511
1:21:56,511
1:21:56,511
1:21:56,512
1:21:56,512
1:21:56,512
1:21:56,512
1:21:56,512
1:21:56,513
1:21:56,513
1:21:56,513
1:21:56,512
1:21:56,512
1:21:56,512
1:21:56,511
1:21:57,511
1:21:57,511
1:21:57,511
1:21:57,510
1:21:57,511
1:21:57,510
1:21:57,511
1:21:57,510
1:21:57,510
1:21:57,511
1:21:57,512
1:21:57,512
1:21:57,512
1:21:57,512
1:21:57,513
1:21:57,512
1:21:57,512
1:21:57,512
1:21:57,511
1:21:57,512
1:21:57,512
1:21:57,512
1:21:57,513
1:21:57,513
1:21:57,513
1:21:57,513
1:21:57,513
1:21:57,513
1:21:57,512
1:21:57,512
1:21:57,512
1:21:57,511
1:21:57,511
1:21:57,512
1:21:57,513
1:21:57,513
1:21:57,514
1:21:57,515
1:21:57,515
1:21:57,516
1:21:57,515
1:21:57,515
1:21:57,514
1:21:57,513
1:21:57,513
1:21:57,512
1:21:57,511
1:21:57,512
1:21:57,511
1:21:57,511
1:21:57,511
1:21:57,512
1:21:57,511
1:21:57,512
1:21:57,512
1:21:57,512
1:21:57,512
1:21:57,512
1:21:57,512
1:21:57,512
1:21:57,511
1:21:57,512
1:21:57,512
1:21:57,512
1:21:57,512
1:21:57,512
1:21:57,513
1:21:57,513
1:21:57,513
1:21:57,513
1:21:57,513
1:21:57,512
1:21:57,512
1:21:57,512
1:21:57,512
1:21:57,512
1:21:57,512
1:21:57,511
1:21:57,511
1:21:57,511
1:21:57,511
1:21:57,511
1:21:57,511
1:21:57,511
1:21:57,511
1:21:57,510
1:21:57,510
1:21:57,511
1:21:57,511
1:21:57,510
1:21:57,510
1:21:57,510
1:21:57,511
1:21:57,510
1:21:57,510
1:21:57,510
1:21:58,510
1:21:58,510
1:21:58,510
1:21:58,510
1:21:58,510
1:21:58,510
1:21:58,510
1:21:58,510
1:21:58,509
1:21:58,510
1:21:58,510
1:21:58,510
1:21:58,510
1:21:58,510
1:21:58,511
1:21:58,511
1:21:58,512
1:21:58,511
1:21:58,512
1:21:58,512
1:21:58,512
1:21:58,512
1:21:58,512
1:21:58,512
1:21:58,511
1:21:58,511
1:21:58,511
1:21:58,511
1:21:58,511
1:21:58,511
1:21:58,510
1:21:58,510
1:21:58,510
1:21:58,511
1:21:58,511
1:21:58,511
1:21:58,511
1:21:58,511
1:21:58,511
1:21:58,511
1:21:58,512
1:21:58,511
1:21:58,511
1:21:58,511
1:21:58,512
1:21:58,512
1:21:58,512
1:21:58,512
1:21:58,511
1:21:58,512
1:21:58,512
1:21:58,512
1:21:58,512
1:21:58,511
1:21:58,511
1:21:58,511
1:21:58,511
1:21:58,511
1:21:58,512
1:21:58,512
1:21:58,512
1:21:58,512
1:21:58,512
1:21:58,511
1:21:58,512
1:21:58,512
1:21:58,511
1:21:58,511
1:21:58,512
1:21:58,511
1:21:58,511
1:21:58,511
1:21:58,511
1:21:58,511
1:21:58,511
1:21:58,511
1:21:58,511
1:21:58,510
1:21:58,510
1:21:58,509
1:21:58,510
1:21:58,510
1:21:58,510
1:21:58,511
1:21:58,511
1:21:58,511
1:21:58,511
1:21:58,511
1:21:58,511
1:21:58,511
1:21:58,511
1:21:58,511
1:21:58,511
1:21:58,510
1:21:58,511
1:21:58,511
1:21:58,510
1:21:58,510
1:21:58,510
1:21:59,511
1:21:59,510
1:21:59,510
1:21:59,510
1:21:59,511
1:21:59,511
1:21:59,510
1:21:59,510
1:21:59,510
1:21:59,510
1:21:59,510
1:21:59,510
1:21:59,510
1:21:59,510
1:21:59,511
1:21:59,512
1:21:59,511
1:21:59,512
1:21:59,512
1:21:59,513
1:21:59,512
1:21:59,512
1:21:59,512
1:21:59,512
1:21:59,512
1:21:59,512
1:21:59,511
1:21:59,511
1:21:59,511
1:21:59,511
1:21:59,511
1:21:59,511
1:21:59,511
1:21:59,512
1:21:59,511
1:21:59,511
1:21:59,512
1:21:59,512
1:21:59,512
1:21:59,512
1:21:59,511
1:21:59,511
1:21:59,511
1:21:59,511
1:21:59,511
1:21:59,511
1:21:59,511
1:21:59,511
1:21:59,511
1:21:59,511
1:21:59,511
1:21:59,511
1:21:59,511
1:21:59,511
1:21:59,512
1:21:59,511
1:21:59,511
1:21:59,511
1:21:59,511
1:21:59,511
1:21:59,510
1:21:59,510
1:21:59,510
1:21:59,510
1:21:59,510
1:21:59,510
1:21:59,510
1:21:59,510
1:21:59,510
1:21:59,510
1:21:59,510
1:21:59,509
1:21:59,510
1:21:59,509
1:21:59,509
1:21:59,510
1:21:59,510
1:21:59,509
1:21:59,510
1:21:59,511
1:21:59,511
1:21:59,512
1:21:59,512
1:21:59,512
1:21:59,511
1:21:59,512
1:21:59,512
1:21:59,512
1:21:59,512
1:21:59,512
1:21:59,512
1:21:59,512
1:21:59,512
1:21:59,513
1:21:59,512
1:21:59,512
1:21:59,512
1:21:59,511
1:22:00,510
1:22:00,510
1:22:00,509
1:22:00,509
1:22:00,510
1:22:00,510
1:22:00,511
1:22:00,511
1:22:00,511
1:22:00,511
1:22:00,511
1:22:00,511
1:22:00,510
1:22:00,511
1:22:00,511
1:22:00,511
1:22:00,510
1:22:00,511
1:22:00,511
1:22:00,510
1:22:00,510
1:22:00,510
1:22:00,510
1:22:00,510
1:22:00,511
1:22:00,511
1:22:00,511
1:22:00,511
1:22:00,512
1:22:00,511
1:22:00,511
1:22:00,511
1:22:00,511
1:22:00,511
1:22:00,511
1:22:00,511
1:22:00,511
1:22:00,511
1:22:00,511
1:22:00,511
1:22:00,511
1:22:00,511
1:22:00,511
1:22:00,511
1:22:00,511
1:22:00,511
1:22:00,511
1:22:00,511
1:22:00,511
1:22:00,511
1:22:00,511
1:22:00,511
1:22:00,511
1:22:00,511
1:22:00,510
1:22:00,510
1:22:00,511
1:22:00,511
1:22:00,511
1:22:00,511
1:22:00,511
1:22:00,511
1:22:00,512
1:22:00,512
1:22:00,512
1:22:00,512
1:22:00,512
1:22:00,512
1:22:00,512
1:22:00,512
1:22:00,512
1:22:00,511
1:22:00,511
1:22:00,511
1:22:00,511
1:22:00,511
1:22:00,510
1:22:00,510
1:22:00,510
1:22:00,509
1:22:00,510
1:22:00,509
1:22:00,510
1:22:00,509
1:22:00,509
1:22:00,509
1:22:00,509
1:22:00,509
1:22:00,508
1:22:00,509
1:22:00,509
1:22:00,510
1:22:00,510
1:22:00,511
1:22:00,512
1:22:00,512
1:22:00,513
1:22:00,512
1:22:01,513
1:22:01,513
1:22:01,513
1:22:01,513
1:22:01,512
1:22:01,512
1:22:01,512
1:22:01,512
1:22:01,512
1:22:01,512
1:22:01,512
1:22:01,511
1:22:01,511
1:22:01,511
1:22:01,510
1:22:01,511
1:22:01,511
1:22:01,511
1:22:01,511
1:22:01,511
1:22:01,511
1:22:01,512
1:22:01,512
1:22:01,512
1:22:01,512
1:22:01,511
1:22:01,511
1:22:01,511
1:22:01,511
1:22:01,511
1:22:01,511
1:22:01,510
1:22:01,510
1:22:01,511
1:22:01,511
1:22:01,511
1:22:01,510
1:22:01,510
1:22:01,510
1:22:01,510
1:22:01,510
1:22:01,509
1:22:01,510
1:22:01,509
1:22:01,510
1:22:01,510
1:22:01,510
1:22:01,510
1:22:01,510
1:22:01,510
1:22:01,510
1:22:01,510
1:22:01,510
1:22:01,510
1:22:01,510
1:22:01,510
1:22:01,510
1:22:01,510
1:22:01,510
1:22:01,510
1:22:01,511
1:22:01,510
1:22:01,511
1:22:01,512
1:22:01,512
1:22:01,512
1:22:01,511
1:22:01,511
1:22:01,511
1:22:01,510
1:22:01,510
1:22:01,510
1:22:01,511
1:22:01,511
1:22:01,511
1:22:01,511
1:22:01,511
1:22:01,511
1:22:01,511
1:22:01,511
1:22:01,512
1:22:01,512
1:22:01,512
1:22:01,512
1:22:01,512
1:22:01,512
1:22:01,512
1:22:01,512
1:22:01,511
1:22:01,511
1:22:01,511
1:22:01,511
1:22:01,510
1:22:01,510
1:22:01,510
1:22:01,510
1:22:01,509
1:22:02,509
1:22:02,510
1:22:02,510
1:22:02,510
1:22:02,509
1:22:02,510
1:22:02,510
1:22:02,511
1:22:02,510
1:22:02,511
1:22:02,511
1:22:02,511
1:22:02,511
1:22:02,511
1:22:02,511
1:22:02,511
1:22:02,511
1:22:02,511
1:22:02,512
1:22:02,512
1:22:02,512
1:22:02,512
1:22:02,512
1:22:02,512
1:22:02,512
1:22:02,512
1:22:02,513
1:22:02,513
1:22:02,512
1:22:02,512
1:22:02,513
1:22:02,512
1:22:02,511
1:22:02,512
1:22:02,511
1:22:02,511
1:22:02,511
1:22:02,510
1:22:02,510
1:22:02,511
1:22:02,511
1:22:02,511
1:22:02,511
1:22:02,511
1:22:02,511
1:22:02,511
1:22:02,511
1:22:02,512
1:22:02,512
1:22:02,512
1:22:02,513
1:22:02,513
1:22:02,513
1:22:02,512
1:22:02,512
1:22:02,512
1:22:02,512
1:22:02,511
1:22:02,511
1:22:02,511
1:22:02,510
1:22:02,509
1:22:02,510
1:22:02,510
1:22:02,510
1:22:02,510
1:22:02,511
1:22:02,511
1:22:02,511
1:22:02,512
1:22:02,512
1:22:02,512
1:22:02,512
1:22:02,512
1:22:02,512
1:22:02,511
1:22:02,511
1:22:02,511
1:22:02,510
1:22:02,511
1:22:02,511
1:22:02,511
1:22:02,511
1:22:02,511
1:22:02,512
1:22:02,512
1:22:02,512
1:22:02,513
1:22:02,513
1:22:02,513
1:22:02,513
1:22:02,513
1:22:02,513
1:22:02,513
1:22:02,513
1:22:02,512
1:22:02,511
1:22:02,511
1:22:03,511
1:22:03,510
1:22:03,510
1:22:03,510
1:22:03,509
1:22:03,509
1:22:03,509
1:22:03,509
1:22:03,509
1:22:03,510
1:22:03,510
1:22:03,510
1:22:03,512
1:22:03,512
1:22:03,511
1:22:03,512
1:22:03,512
1:22:03,512
1:22:03,512
1:22:03,512
1:22:03,512
1:22:03,512
1:22:03,512
1:22:03,511
1:22:03,511
1:22:03,510
1:22:03,510
1:22:03,509
1:22:03,510
1:22:03,509
1:22:03,510
1:22:03,510
1:22:03,510
1:22:03,510
1:22:03,510
1:22:03,510
1:22:03,510
1:22:03,511
1:22:03,511
1:22:03,512
1:22:03,511
1:22:03,512
1:22:03,512
1:22:03,511
1:22:03,512
1:22:03,512
1:22:03,512
1:22:03,512
1:22:03,512
1:22:03,512
1:22:03,512
1:22:03,511
1:22:03,511
1:22:03,511
1:22:03,511
1:22:03,510
1:22:03,510
1:22:03,510
1:22:03,510
1:22:03,510
1:22:03,510
1:22:03,511
1:22:03,511
1:22:03,511
1:22:03,512
1:22:03,512
1:22:03,512
1:22:03,511
1:22:03,511
1:22:03,512
1:22:03,512
1:22:03,512
1:22:03,512
1:22:03,511
1:22:03,511
1:22:03,511
1:22:03,511
1:22:03,511
1:22:03,510
1:22:03,510
1:22:03,510
1:22:03,511
1:22:03,510
1:22:03,510
1:22:03,510
1:22:03,510
1:22:03,511
1:22:03,510
1:22:03,511
1:22:03,510
1:22:03,511
1:22:03,511
1:22:03,511
1:22:03,510
1:22:03,511
1:22:04,510
1:22:04,510
1:22:04,510
1:22:04,510
1:22:04,509
1:22:04,509
1:22:04,509
1:22:04,509
1:22:04,510
1:22:04,509
1:22:04,510
1:22:04,511
1:22:04,512
1:22:04,512
1:22:04,512
1:22:04,512
1:22:04,513
1:22:04,512
1:22:04,513
1:22:04,513
1:22:04,514
1:22:04,514
1:22:04,514
1:22:04,513
1:22:04,513
1:22:04,512
1:22:04,512
1:22:04,511
1:22:04,511
1:22:04,511
1:22:04,511
1:22:04,512
1:22:04,512
1:22:04,512
1:22:04,512
1:22:04,511
1:22:04,511
1:22:04,511
1:22:04,511
1:22:04,510
1:22:04,509
1:22:04,509
1:22:04,508
1:22:04,508
1:22:04,507
1:22:04,507
1:22:04,507
1:22:04,506
1:22:04,506
1:22:04,507
1:22:04,507
1:22:04,507
1:22:04,508
1:22:04,509
1:22:04,510
1:22:04,510
1:22:04,510
1:22:04,509
1:22:04,509
1:22:04,510
1:22:04,510
1:22:04,511
1:22:04,511
1:22:04,511
1:22:04,511
1:22:04,511
1:22:04,510
1:22:04,511
1:22:04,511
1:22:04,512
1:22:04,513
1:22:04,512
1:22:04,512
1:22:04,512
1:22:04,512
1:22:04,511
1:22:04,512
1:22:04,513
1:22:04,514
1:22:04,514
1:22:04,515
1:22:04,516
1:22:04,516
1:22:04,515
1:22:04,513
1:22:04,512
1:22:04,511
1:22:04,511
1:22:04,510
1:22:04,510
1:22:04,509
1:22:04,510
1:22:04,511
1:22:04,512
1:22:04,513
1:22:04,515
1:22:04,515
1:22:05,515
1:22:05,516
1:22:05,515
1:22:05,515
1:22:05,514
1:22:05,514
1:22:05,514
1:22:05,513
1:22:05,513
1:22:05,512
1:22:05,511
1:22:05,511
1:22:05,510
1:22:05,510
1:22:05,510
1:22:05,511
1:22:05,511
1:22:05,512
1:22:05,513
1:22:05,513
1:22:05,514
1:22:05,514
1:22:05,514
1:22:05,515
1:22:05,515
1:22:05,515
1:22:05,514
1:22:05,513
1:22:05,512
1:22:05,512
1:22:05,510
1:22:05,510
1:22:05,510
1:22:05,510
1:22:05,509
1:22:05,509
1:22:05,509
1:22:05,509
1:22:05,510
1:22:05,511
1:22:05,512
1:22:05,512
1:22:05,513
1:22:05,513
1:22:05,512
1:22:05,512
1:22:05,513
1:22:05,512
1:22:05,512
1:22:05,511
1:22:05,510
1:22:05,510
1:22:05,509
1:22:05,509
1:22:05,510
1:22:05,510
1:22:05,510
1:22:05,511
1:22:05,510
1:22:05,510
1:22:05,510
1:22:05,510
1:22:05,509
1:22:05,509
1:22:05,509
1:22:05,509
1:22:05,509
1:22:05,508
1:22:05,508
1:22:05,508
1:22:05,507
1:22:05,507
1:22:05,506
1:22:05,505
1:22:05,504
1:22:05,504
1:22:05,503
1:22:05,503
1:22:05,504
1:22:05,505
1:22:05,506
1:22:05,506
1:22:05,507
1:22:05,508
1:22:05,509
1:22:05,509
1:22:05,509
1:22:05,508
1:22:05,508
1:22:05,507
1:22:05,507
1:22:05,506
1:22:05,506
1:22:05,507
1:22:05,508
1:22:05,509
1:22:05,510
1:22:05,513
1:22:05,513
1:22:06,514
1:22:06,515
1:22:06,514
1:22:06,513
1:22:06,512
1:22:06,511
1:22:06,509
1:22:06,507
1:22:06,505
1:22:06,503
1:22:06,502
1:22:06,501
1:22:06,501
1:22:06,500
1:22:06,500
1:22:06,501
1:22:06,502
1:22:06,503
1:22:06,505
1:22:06,506
1:22:06,506
1:22:06,507
1:22:06,507
1:22:06,507
1:22:06,508
1:22:06,508
1:22:06,508
1:22:06,508
1:22:06,508
1:22:06,507
1:22:06,507
1:22:06,506
1:22:06,506
1:22:06,506
1:22:06,506
1:22:06,506
1:22:06,505
1:22:06,505
1:22:06,505
1:22:06,506
1:22:06,506
1:22:06,507
1:22:06,508
1:22:06,509
1:22:06,509
1:22:06,510
1:22:06,510
1:22:06,510
1:22:06,510
1:22:06,510
1:22:06,509
1:22:06,510
1:22:06,509
1:22:06,509
1:22:06,509
1:22:06,509
1:22:06,509
1:22:06,508
1:22:06,508
1:22:06,507
1:22:06,504
1:22:06,503
1:22:06,503
1:22:06,504
1:22:06,506
1:22:06,507
1:22:06,508
1:22:06,509
1:22:06,509
1:22:06,510
1:22:06,509
1:22:06,510
1:22:06,509
1:22:06,508
1:22:06,507
1:22:06,506
1:22:06,505
1:22:06,503
1:22:06,502
1:22:06,500
1:22:06,500
1:22:06,500
1:22:06,501
1:22:06,501
1:22:06,502
1:22:06,502
1:22:06,502
1:22:06,501
1:22:06,500
1:22:06,499
1:22:06,498
1:22:06,496
1:22:06,494
1:22:06,493
1:22:06,492
1:22:06,491
1:22:07,491
1:22:07,491
1:22:07,490
1:22:07,489
1:22:07,490
1:22:07,490
1:22:07,492
1:22:07,493
1:22:07,496
1:22:07,499
1:22:07,502
1:22:07,505
1:22:07,509
1:22:07,513
1:22:07,518
1:22:07,523
1:22:07,527
1:22:07,532
1:22:07,534
1:22:07,536
1:22:07,538
1:22:07,538
1:22:07,539
1:22:07,540
1:22:07,540
1:22:07,541
1:22:07,541
1:22:07,540
1:22:07,537
1:22:07,535
1:22:07,531
1:22:07,527
1:22:07,524
1:22:07,521
1:22:07,519
1:22:07,519
1:22:07,520
1:22:07,522
1:22:07,523
1:22:07,524
1:22:07,525
1:22:07,525
1:22:07,525
1:22:07,525
1:22:07,524
1:22:07,524
1:22:07,524
1:22:07,526
1:22:07,527
1:22:07,529
1:22:07,529
1:22:07,528
1:22:07,527
1:22:07,526
1:22:07,524
1:22:07,524
1:22:07,523
1:22:07,523
1:22:07,523
1:22:07,523
1:22:07,524
1:22:07,523
1:22:07,523
1:22:07,521
1:22:07,520
1:22:07,519
1:22:07,518
1:22:07,516
1:22:07,515
1:22:07,514
1:22:07,514
1:22:07,513
1:22:07,512
1:22:07,512
1:22:07,512
1:22:07,512
1:22:07,512
1:22:07,512
1:22:07,511
1:22:07,511
1:22:07,511
1:22:07,511
1:22:07,512
1:22:07,512
1:22:07,512
1:22:07,512
1:22:07,512
1:22:07,512
1:22:07,512
1:22:07,512
1:22:07,512
1:22:07,511
1:22:07,512
1:22:07,512
1:22:07,513
1:22:07,513
1:22:07,514
1:22:07,513
1:22:08,513
1:22:08,513
1:22:08,513
1:22:08,513
1:22:08,512
1:22:08,511
1:22:08,511
1:22:08,511
1:22:08,512
1:22:08,513
1:22:08,513
1:22:08,514
1:22:08,514
1:22:08,514
1:22:08,513
1:22:08,513
1:22:08,512
1:22:08,512
1:22:08,512
1:22:08,513
1:22:08,513
1:22:08,513
1:22:08,513
1:22:08,512
1:22:08,513
1:22:08,513
1:22:08,512
1:22:08,512
1:22:08,512
1:22:08,512
1:22:08,512
1:22:08,511
1:22:08,511
1:22:08,512
1:22:08,512
1:22:08,512
1:22:08,512
1:22:08,512
1:22:08,512
1:22:08,512
1:22:08,512
1:22:08,511
1:22:08,511
1:22:08,511
1:22:08,511
1:22:08,511
1:22:08,511
1:22:08,510
1:22:08,511
1:22:08,511
1:22:08,511
1:22:08,511
1:22:08,511
1:22:08,512
1:22:08,511
1:22:08,511
1:22:08,510
1:22:08,510
1:22:08,509
1:22:08,509
1:22:08,509
1:22:08,509
1:22:08,509
1:22:08,509
1:22:08,509
1:22:08,510
1:22:08,510
1:22:08,510
1:22:08,510
1:22:08,510
1:22:08,511
1:22:08,512
1:22:08,513
1:22:08,513
1:22:08,513
1:22:08,513
1:22:08,513
1:22:08,513
1:22:08,513
1:22:08,513
1:22:08,512
1:22:08,512
1:22:08,511
1:22:08,511
1:22:08,511
1:22:08,510
1:22:08,509
1:22:08,508
1:22:08,508
1:22:08,508
1:22:08,507
1:22:08,507
1:22:08,506
1:22:08,506
1:22:08,507
1:22:08,506
1:22:08,506
1:22:08,506
1:22:08,507
1:22:09,507
1:22:09,507
1:22:09,508
1:22:09,508
1:22:09,508
1:22:09,507
1:22:09,506
1:22:09,505
1:22:09,503
1:22:09,499
1:22:09,497
1:22:09,494
1:22:09,491
1:22:09,487
1:22:09,483
1:22:09,479
1:22:09,474
1:22:09,470
1:22:09,466
1:22:09,462
1:22:09,457
1:22:09,448
1:22:09,437
1:22:09,418
1:22:09,384
1:22:09,329
1:22:09,271
1:22:09,249
1:22:09,181
1:22:09,155
1:22:09,207
1:22:09,364
1:22:09,543
1:22:09,687
1:22:09,793
1:22:09,857
1:22:09,885
1:22:09,884
1:22:09,861
1:22:09,821
1:22:09,771
1:22:09,713
1:22:09,656
1:22:09,602
1:22:09,555
1:22:09,514
1:22:09,480
1:22:09,456
1:22:09,439
1:22:09,431
1:22:09,429
1:22:09,432
1:22:09,440
1:22:09,450
1:22:09,462
1:22:09,474
1:22:09,485
1:22:09,494
1:22:09,504
1:22:09,511
1:22:09,518
1:22:09,523
1:22:09,527
1:22:09,533
1:22:09,532
1:22:09,500
1:22:09,405
1:22:09,313
1:22:09,298
1:22:09,347
1:22:09,415
1:22:09,479
1:22:09,531
1:22:09,570
1:22:09,599
1:22:09,613
1:22:09,619
1:22:09,616
1:22:09,607
1:22:09,598
1:22:09,591
1:22:09,587
1:22:09,577
1:22:09,568
1:22:09,559
1:22:09,546
1:22:09,534
1:22:09,522
1:22:09,510
1:22:09,499
1:22:09,492
1:22:09,488
1:22:09,488
1:22:09,489
1:22:09,493
1:22:09,497
1:22:09,504
1:22:10,510
1:22:10,516
1:22:10,521
1:22:10,524
1:22:10,526
1:22:10,526
1:22:10,525
1:22:10,524
1:22:10,523
1:22:10,521
1:22:10,518
1:22:10,516
1:22:10,514
1:22:10,513
1:22:10,512
1:22:10,512
1:22:10,512
1:22:10,511
1:22:10,511
1:22:10,511
1:22:10,512
1:22:10,511
1:22:10,511
1:22:10,511
1:22:10,512
1:22:10,512
1:22:10,512
1:22:10,512
1:22:10,512
1:22:10,513